ASC_ID,CHRG_CODE,CHRG_STMNT_TEXT,SCTN_NAME
321,LACKS N/C,"The article is subject to refusal of admission pursuant to Section 801(a)(3) of the FD&C Act in that it appears to be misbranded within the meaning of Section 403(e)(2) of the FD&C Act in that the food is in package form and the label fails to bear an accurate statement of the quantity of the contents in terms of weight, measure, or numerical count in accordance with Section 403(e)(2) of the FD&C Act.","403(e)(2), 801(a)(3); MISBRANDING"
324,NO ENGLISH,"The article is subject to refusal of admission pursuant to Section 801(a)(3) of the FD&C Act in that it appears to be misbranded within the meaning of Section 403(f) of the FD&C Act in that any word, statement, or other information required by or under the authority of the FD&C Act to appear on the label or labeling is not prominently placed thereon with such conspicuousness (as compared with other words, statements, designs, or devices, in the labeling) and in such terms as to render it likely to be read and understood by the ordinary individual under customary terms of purchase and use (for example, label contains information in two or more   languages but fails to repeat all required information in both languages in accordance with 21 CFR 101.15(c)(2), or label fails  to include all required information in English in accordance with 21 CFR 101.15(c)(1), except in the case of articles distributed solely in the Commonwealth of Puerto Rico or in a  Territory where the predominant language is one other than English)).","403(f), 801(a)(3); MISBRANDING"
327,OPTION ING,It appears to be a food for which a definition and standard of identity have been prescribed by regulations under section 401 and appears to not be labelled with the common names of the optional ingredients specified therein.,"403(g)(2), 801(a)(3); MISBRANDING"
328,USUAL NAME,"The article is subject to refusal of admission pursuant to Section 801(a)(3) of the FD&C Act in that it appears to be misbranded within the meaning of Section 403(i)(1) of the FD&C Act in that the label fails to bear the common or usual name of the food, if any there be.","403(i)(1), 801(a)(3); MISBRANDING"
329,JUICE %,The article is subject to refusal of admission pursuant to Section 801(a)(3) of the FD&C Act in that it appears to be misbranded within the meaning of Section 403(i)(2) of the FD&C Act in that the food purports to be a beverage containing vegetable or fruit juice and does not bear a statement on the label in appropriate prominence on the information panel of the total percentage of such fruit or vegetable juice contained therein.,"403(i)(2), 801(a)(3); MISBRANDING"
330,UNSAFE COL,"The article appears to be a color additive for the purposes of coloring only in or on drugs or devices, and is unsafe within the meaning of Section 721(a).","501(a)(4)(B), 801(a)(3); ADULTERATION"
331,DR QUALITC,"The article is subject to refusal of admission pursuant to Section 801(a)(3) in that the drug appears to be represented as not being recognized in an official compendium and appears its strength differs from or its quality or purity falls below, that which it purports or is represented to possess.","501(c), 801(a)(3); ADULTERATION"
332,CONTAINER,"The container appears to be composed, in whole or in part, of a poisonous or deleterious substance which may render the contents injurious to health.","501(a)(3), 801(a)(3); ADULTERATION"
333,LACKS FIRM,"The article is in package form and appears to not bear a label containing the name and place of business of the manufacturer, packer, or distributor.","502(b)(1), 801(a)(3); MISBRANDING"
335,LACKS N/C,"The article is in package form and appears to not have a label containing an accurate statement of the quantity of the contents in terms of weight, measure or numerical count and no variations or exemptions have been prescribed by regs.","502(b)(2), 801(a)(3); MISBRANDING"
336,INCONSPICU,Information required by the Act to be on the label or labeling does not appear to be conspicuous enough as to render it likely to be read and understood by the ordinary individual under customary conditions of purchase and use.,"502(c), 801(a)(3); MISBRANDING"
337,OFF ODOR,"The article appears to consist in whole or in part of a filthy, putrid, or decomposed substance or be otherwise unfit for food. Contains an off odor.","402(a)(3), 801(a)(3); ADULTERATION"
339,TAMPERING,It appears that the packing does not conform with current good manufacturing practices under 21 CFR 211.132 for tamper-resistant packaging.,"501(a)(2)(B), 801(a)(3); ADULTERATION"
341,REGISTERED,It appears the device is subject to listing under 510(j) and the initial distributor has not registered as required by 21 CFR 807.20 (a)(5).,"502(o), 801(a)(3); MISBRANDING"
342,PERSONALRX,The article appears to be a drug which requires a prescription from your doctor.,"502(a) & (f)(1), 801(a)(3); MISBRANDING"
343,VET LEGEND,"The article appears to be a veterinary drug without the ""Caution"" statement as required by Section 503(f)(4).","502(a) & (f)(1), 801(a)(3); MISBRANDING"
2900,CHLORAMP,"The article appears to contain a food additive, namely chloramphenicol, that is unsafe within the meaning of 21 U.S.C. 348.","402(a)(2)(C)(i), 801(a)(3); ADULTERATION"
344,WARNINGS,"It appears to lack adequate warning against use in a pathological condition or by children where it may be dangerous to health or against an unsafe dose, method, administering duration, application, in manner/form, to protect users.","502(f)(2), 801(a)(3); MISBRANDING"
346,REJECT TEA,"The article is inferior in purity, quality, and fitness for consumption to the standards provided in section 43.TEA ACT REPEALED!",1 (21USC41); PROHIBITED TEA
469,DISEASED,"The food appears to be, in whole or in part, the product of a diseased animal or of an animal which has died otherwise than by slaughter.","402(a)(5), 801(a)(3); ADULTERATION"
471,CSTIC LBLG,"The labeling appears to fail to comply with cosmetic labeling requirements of Section 602(a), and/or (b), and/or (c), and as identified by 21 C.F.R. Part 701.","602(a) and/or (b), and/or (c), 801(a)(3); MISBRANDING"
472,NO ENGLISH,Required label or labeling appears to not be in English in violation of 21 C.F.R. 201.15(c)(1).,502(c); 801(a)(3) ;MISBRANDING
473,LABELING,"The article appears in violation of FPLA because of its placement, form and/or contents statement.",Section 4(a); 801(a)(3) Misbranding
3603,OTHER DRUG,The article is subject to refusal of admission pursuant to Section 801(a)(3) in that the article is a drug and if it is offered for sale under the name of another drug.,"502(i) (3), 801(a)(3); MISBRANDING"
3741,FRNMFGREG,"The article is subject to refusal of admission pursuant to section 801(o) in that it is being imported or offered for import into the United States, and the importer, owner, or consignee of such article did not, at the time of offering the article for import, submit to the Secretary a statement that identifies the registration under section 510(i) of the Act of each establishment that with respect to such article is required under such section to register with the Secretary.",510(i); 801(o)
3724,DEVGMPS,"The article appears to be a device for which the methods, facilities, or controls used in, or the facilities or controls used for, its manufacture, packing, storage or installation do not conform to the requirements of Sec. 520(f) and any applicable variance under Sec. 520(f)(2).",520(f); 801(a)(1)
3725,NONCOMELT,It appears that the article is an electronic product which fails to comply with one or more applicable standards prescribed under section 534.,"534, 536(a)"
3726,ELTNOCERT,"It appears that the article is an electronic product subject to a performance standard, and does not have affixed to it a certification in the form of a label or tag in conformity with section 534(h).","534, 536(a)"
3847,FDF4APIGMP,The article is subject to refusal of admission pursuant to Section 801(a)(3) in that the methods and controls used in its manufacture and control do not appear to conform to current good manufacturing practices within the meaning of Section 501(a)(2)(B). This finished dosage form drug is made using an Active Pharmaceutical Ingredient from a facility that has been found non-compliant with current Good Manufacturing Practice (see Import Alert 66-40; http://www.accessdata.fda.gov/cms_ia/importalert_189.html). You may submit testimony to provide evidence to overcome the appearance of adulteration. The API source for this finished dosage form drug is:,"501(a)(2)(B), 801(a)(3); ADULTERATION"
3848,TP NO ING,"This article is subject to refusal of admission pursuant to section 801(a)(3) of the FD&C Act because it is a tobacco product that appears to be misbranded under section 903(a)(10)(A) in that a list of all ingredients, including tobacco, substances, compounds, and additives that are added by the manufacturer to the tobacco, paper, filter, or part of each tobacco product by brand and by quantity in each brand and sub-brand was not submitted as required under section 904(a)(1).",903(a)(10)(A); 801(a)(3) MISBRANDING
3849,TP NO HPHC,"This article is subject to refusal of admission pursuant to section 801(a)(3) of the FD&C Act because it is a tobacco product that appears to be misbranded under section 903(a)(10)(A) in that  a listing of  constituents, including smoke constituents, identified as harmful or potentially harmful to health in each tobacco product was not submitted as required under section 904(a)(3).",903(a)(10)(A); 801(a)(3) MISBRANDING
3850,TPNOHLDOCS,"This article is subject to refusal of admission pursuant to section 801(a)(3) of the FD&C Act because it is a tobacco product that appears to be misbranded under section 903(a)(10)(A) in that documents related to health, toxicological, behavioral, or physiologic effects of current or future tobacco products, their constituents(including smoke constituents), ingredients, components, and additives were not submitted as required under section 904(a)(4).",903(a)(10)(A); 801(a)(3) MISBRANDING
3859,TPFDA4BLBL,This article is subject to refusal of admission pursuant to section 801(a)(3) of the FD&C Act because it is a tobacco product that appears to be misbranded under 903(a)(1) in that  the label or labeling is false or misleading because it conveys that the product is safe or less harmful by virtue of its compliance with regulatory requirements set by the FDA.,903(a)(1); 801(a)(3); 301(tt)(4)(B); MISBRANDING
3864,NCONTACT,The article is subject to refusal of admission pursuant to Section 801(a)(3) of the FD&C Act in that it is a dietary supplement that appears to be misbranded within the meaning of Section 403(y) of the FD&C Act in that the dietary supplement label fails to bear a domestic address or phone number through which the responsible person (as described in section 761 of the FD&C Act) may receive a report of a serious adverse event with such dietary supplement.,"403(y), 801(a)(3); MISBRANDING"
3621,JUICEHACCP,"The article is subject to refusal of admission pursuant to Section 801(a)(3) in that it appears to have been prepared, packed, or held under insanitary conditions, or it may be injurious to health, due to failure of the foreign processor to comply with 21 CFR 120.", 801(a)(3);402(a)(4)
3661,INADQ PAST,The article is subject to refusal of admission pursuant to section 801 (a)(1) in that it appears to have been manufactured or processed under insanitary conditions which may result in unpasteurized or inadequately pasteurized product.,"402(a)(4), 801(a)(3); ADULTERATION"
3681,NCONTACTS,The product is a dietary supplement that is marketed in the United States and appears to not have a domestic address or domestic phone number through which the responsible person may receive a report of a serious adverse event.,"403(y), 801(2)(3); Misbranding"
3701,ALRGN402A4,"it appears to be adulterated within the meaning of section 402(a)(4) because it appears that the food was prepared, packed, or held under insanitary conditions whereby it may have been rendered injurious to health, specifically because the food appears to contain a major food allergen through insanitary conditions that led to cross-contact.",801(a)(3); 402(a)4; Adulterated
3721,PESTICIDE2,"The article is subject to refusal of admission pursuant to section 801(a)(3) in that it appears to be adulterated because it contains a pesticide chemical, which is in violation of section 402(a)(2)(B). Contains:",402(a)(2)(B); 801(a)(3); ADULTERATION
3761,FILTH,"The article is subject to refusal of admission pursuant to section 801(a)(3) of the FD&C Act in that the article contains potentially hazardous, or otherwise objectionable in light of intended use, microbial adulteration and therefore consists in part of a filthy substance",501(a)(1)Adulteration
3801,FALSERXLBL,"The article is subject to refusal of admission pursuant section 801(a)(3) of the FD&C Act in that it appears to be misbranded as defined in section 503(b)(4)(B) of the FD&C Act. The labeling falsely bears the symbol ""RX Only"".","503(b)(4)(B), 801(a)(3)"
3821,MFR INJ,"The article is subject to refusal of admission pursuant to Section 801(a)(3) of the Federal Food, Drug, and Cosmetic Act (the Act) in that such article appears to have been prepared, packed, or held under insanitary conditions whereby it may have been rendered injurious to health.","402(a)(4),801(a)(3); ADULTERATION"
3861,CYCLAMATE,The article is subject to refusal of admission pursuant to Section 801(a)(3) in that it appears to be adulterated because it appears to bear or contain an unsafe food additive that is unsafe within the meaning of Section 409.,801(a)(3)
3841,AF-NONRSP,The article is subject to refusal of admission pursuant to Section 801(a)(3) in that the product appears to have been prepared or packed under insanitary conditions whereby it may have been rendered injurious to health due to inadequate processing in that the scheduled process filed by the manufacturer for this acidified food pursuant to 21 CFR 108.25 (c)(2) appears to be inadequate to protect the public health.,"402(a)(4), 801(a)(3);ADULTERATION"
3842,TP NO PMTA,This article is subject to refusal of admission pursuant to section 801(a)(3) of the FD&C Act because it is a tobacco product that FDA has found to be adulterated under section 902(6)(A) of the FD&C Act in that it does not have an FDA marketing order in effect under section 910(c)(1)(A)(i) of the FD&C Act.,801(a)(3);902(6)(A);ADULTERATION
3843,TP NO SE,This article is subject to refusal of admission pursuant to section 801(a)(3) of the FD&C Act because it is a tobacco product that FDA has found to be misbranded under section 903(a)(6) of the FD&C Act in that a notice or other information respecting it was not provided as required by section 905(j).,801(a)(3);903(a)(6);MISBRANDING
3845,DRG REF EI,"The article is subject to refusal of admission pursuant to Section 801(a)(3) in that the article of drug appears to be adulterated under Section 501(j) because it has been manufactured, processed, packed, or held in any factory, warehouse, or establishment and the owner, operator, or agent of such factory, warehouse, or establishment delays, denies, or limits an inspection, or refuses to permit entry or inspection.","801(a)(3), 501(j); ADULTERATION"
3846,807REFUSAL,"The food is subject to refusal of admission pursuant to Section 807 in that the foreign factory, warehouse, or other establishment of which the owner, operator, or agent in charge, or the government of the foreign country, refuses to permit entry of United States inspectors or other individuals duly designated by the Secretary, upon request, to inspect such factory, warehouse, or other establishment.",807(b)
3860,TP USERFEE,This article is subject to refusal of admission pursuant to Section 801(a)(3) of the FD&C Act in that the tobacco product appears to be adulterated under Section 902(4) because the importer of the tobacco product failed to pay a user fee assessed to such importer pursuant to Section 919 by the date specified in Section 919 or by the 30th day after final agency action on a resolution of any dispute as to the amount of the fee.,902(4);801(a)(3); ADULTERATION
325,STD NAME,"The article is subject to refusal of admission pursuant to Section 801(a)(3) of the FD&C Act in that it appears to be misbranded within the meaning of Section 403(g)(2) of the FD&C Act in that the article purports to be or is represented as a food for which a definition and standard of identity have been prescribed by regulations as provided under Section 401 of the FD&C Act and the article is not labeled with the name specified in the definition and standard, or the label does not bear the common names of optional ingredients (other than spices, flavoring and coloring) present in such food, insofar as may be required by such regulation.","403(g)(2), 801(a)(3); MISBRANDING"
254,STD QUALIT,"The article is subject to refusal of admission pursuant to Section 801(a)(3) of the FD&C Act in that it appears to be misbranded within the meaning of Section 403(h)(1) of the FD&C Act in that the article purports to be or is represented as a food for which a standard of quality has been prescribed by regulation as provided by Section 401 of the FD&C Act, and its quality falls below such standard and its label does not bear a statement that it falls below such standard in such manner and form as such regulations specify.
","403(h)(1), 801(a)(3); MISBRANDING"
255,STD FILL,The article is subject to refusal of admission pursuant to Section 801(a)(3) of the FD&C Act in that it appears to be misbranded within the meaning of Section 403(h)(2) of the FD&C Act in that the article purports to be or is represented as a food for which a standard or standards of fill of container have been prescribed by regulations as provided by Section 401 of the FD&C Act and the article falls below the applicable standard of fill and its label does not bear a statement that it falls below such standard in such manner and form as such regulations specify.,"403(h)(2), 801(a)(3); MISBRANDING"
3862,DIETARYING,"The article is subject to refusal of admission pursuant to Section 801(a)(3) of the FD&C Act in that it is a dietary supplement that appears to be misbranded within the meaning of Section 403(s)(2)(A) of the FD&C Act in that the dietary supplement label or labeling fails to list the name of each dietary ingredient of the supplement and the quantity of each such dietary ingredient or , with respect to a proprietary blend of such dietary ingredients, the total quantity of all dietary ingredients in the blend.","403(s)(2)(A),801(a)(3); MISBRANDING"
3863,PLANT PART,"The article is subject to refusal of admission pursuant to Section 801(a)(3) of the FD&C Act in that it is a dietary supplement that appears to be misbranded within the meaning of Section 403(s)(2)(C) of the FD&C Act in that the supplement contains an herb or other botanical  described in section 201(ff)(1)(C), and the label or labeling of the supplement fails to identify any part of the plant from which the ingredient is derived.","403(s)(2)(C), 801(a)(3); MISBRANDING"
3865,COLORLABEL,"The article is subject to refusal of admission pursuant to Section 801(a)(3) of the FD&C Act in that it appears to be misbranded within the meaning of Section 403(f) of the FD&C Act in that any word, statement, or other information required by or under the authority of the FD&C Act to appear on the label or labeling is not prominently placed thereon with such conspicuousness (as compared with other words, statements, designs, or devices, in the labeling) and in such terms as to render it likely to be read and understood by the ordinary individual under customary terms of purchase and use.",403(f);801(a)(3);MISBRANDING
3866,708NEWANIM,The article has been determined to be a new animal drug without an approved new animal drug application.,"501(a)(5), 801(a)(3); ADULTERATION"
3867,708NORX,The article  has been determined to be a a prescription drug without a prescription drug legend.,"502(a) & (f)(1), 801(a)(3); MISBRANDING"
3580,TP VIOL911,This article is subject to refusal of admission pursuant to Section 801(a)(3) of the FD&C Act because it is a tobacco product that appears to be in violation of section 911.,"902(8); 801(a)(3), Adulteration"
3600,REFUSE EI,"The article is subject to refusal of admission pursuant to Section 801(a)(1) in that the article appears to have been manufactured, processed, or packed under insanitary conditions.","801(a)(1); INSANITARY MANUFACTURING, PROCESSING OR PACKING"
3641,CHOKE HZRD,"The article is subject to refusal of admission pursuant to section 801(a)(3) in that it appears to be unfit for food, because it contains a foreign object which may pose a choking hazard.","402(a)(3), 801(a)(3); ADULTERATION"
3781,TPNOWRNLBL,"This article is subject to refusal of admission pursuant to section 801(a)(3) of the FD&C Act in that it is a tobacco product which appears to be misbranded under section 903(a)(8)(B)(i) and 903(a)(1) because its package label does not include a brief statement of the relevant warnings (i.e., one of the four warnings required by section 3 of the Comprehensive Smokeless Tobacco Health Education Act).",903(a)(8)(B)(i);801(a)(3);MISBRANDING
3782,TPLBLFALSE,"This article is subject to refusal of admission pursuant to section 801(a)(3) of the Act in that it is a smokeless tobacco product and it appears that its labeling is false or misleading because its package does not bear any of the warnings required by section 3 of the Comprehensive Smokeless Tobacco Education Act, as amended (i.e., it does not bear any of the following warnings:
""WARNING: This product can cause mouth cancer.""
""WARNING: This product can cause gum disease and tooth loss.""
""WARNING: This product is not a safe alternative to cigarettes.""
 ""WARNING: Smokeless tobacco is addictive."")
",903(a)(1);801(a)(3);MISBRANDING
3722,RXVETLACK,The article appears to be a drug which requires a prescription from your doctor.,"503(f)(4), 801(a)(3)"
3723,RXVETLACK2,"The article appears to be a veterinary drug which requires but lacks the ""Caution"" statement specified at Sec. 503(f)(4).","503(f)(4), 801(a)(3)"
3844,SACCHARLBL,"The article appears to contain Saccharin, a non-nutritive sweetener, and its label or labeling fails to list it as an added ingredient.","403(i), 801(a)(3); Misbranding"
3851,TPLACKFIRM,"This article is subject to refusal of admission pursuant to section 801(a)(3) of the Federal Food, Drug, and Cosmetic Act (FD&C Act) because it is a tobacco product in package form that appears to be misbranded under section 903(a)(2)(A) of the FD&C Act in that the label does not contain the name and place of business of the tobacco product manufacturer, packer or distributor.",903(a)(2)(A); 801(a)(3); MISBRANDING
3852,TPLACKSNC,"This article is subject to refusal of admission pursuant to section 801(a)(3) of the FD&C Act because it is a tobacco product in package form that appears to be misbranded under section 903(a)(2)(B) of the FD&C Act in that the label does not provide an accurate statement of the quantity of contents in terms of weight, measure or numerical count.",903(a)(2)(B); 801(a)(3); MISBRANDING
3853,TPLKDOMFOR,This article is subject to refusal of admission pursuant to section 801(a)(3) of the FD&C Act because it is a tobacco product in package form that appears to be misbranded under section 903(a)(2)(C) in that the label does not provide an accurate statement of the percentage of the tobacco used in the product that is domestically grown tobacco and the percentage foreign grown tobacco.,903(a)(2)(C); 801(a)(3); MISBRANDING
3854,TPLKUSSLLB,"The article is subject to refusal of admission pursuant to Section 801(a)(3) of the FD&C Act because it is a tobacco product in package form that appears to be misbranded under section 903(a)(2)(D) of the FD&C Act in that the label does not provide the statement ""sale only allowed in the United States"" and the tobacco product is not subject to any exemptions or variations.",903(a)(2)(D); 801(a)(3); MISBRANDING
3855,TPFDA1LBLG,This article is subject to refusal of admission pursuant to section 801(a)(3) of the FD&C Act because it is a tobacco product that appears to be misbranded under section 903(a)(1) in that the label or labeling is false or misleading because it conveys that the product is approved by the FDA.,903(a)(1); 801(a)(3); 301(tt)(1); MISBRANDING
3856,TPFDA2LBLG,This article is subject to refusal of admission pursuant to section 801(a)(3) of the FD&C Act because it is a tobacco product that appears to be misbranded under section 903(a)(1) in that the label or labeling is false or misleading because it conveys that the FDA deems the product to be safe for use by consumers.,903(a)(1); 801(a)(3); 301(tt)(2); MISBRANDING
3857,TPFDA3LBLG,This article is subject to refusal of admission pursuant to section 801(a)(3) of the FD&C Act because it is a tobacco product that appears to be misbranded under section 903(a)(1) in that the label or labeling is false or misleading because it conveys that the product is endorsed by the FDA for use by consumers.,903(a)(1); 801(a)(3); 301(tt)(3); MISBRANDING
3858,TPFDA4ALBL,This article is subject to refusal of admission pursuant to section 801(a)(3) of the FD&C Act because it is a tobacco product that appears to be misbranded under section 903(a)(1) in that the label or labeling is false or misleading because it conveys that the product is safe or less harmful by virtue of its regulation or inspection by the FDA.,903(a)(1); 801(a)(3); 301(tt)(4)(A); MISBRANDING
474,COSMETLBLG,It appears the label does not bear the common or usual name of the cosmetic.,5(c)(3)(A); 801(a)(3) Misbranding
475,COSMETLBLG,It appears that the cosmetic consists of two or more ingredients and the label does not list the common or usual name of each ingredient.,5(c)(3)(B); 801(a)(3) Misbranding
476,NO REGISTR,The article appears to be an electronic product that does not comply with an applicable standard as prescribed by Section 534 because no reporting has been provided as required by Section 537(b).,536(a); Failure to file initial report
477,HOLES,"The quality of the article falls below that which it purports or is represented to possess, in that the devices contain defects/holes.",501(c); 801(a)(3) Adulteration
478,TISSUE,"This human cell, tissue, and cellular and tissue-based product is in violation of Section 361 of the Public Health Service Act.",361
479,DV QUALITY,"The article is subject to refusal of admission pursuant to Section 801(a)(3) in that it appears to be adulterated since its strength differs from, or its purity or quality falls below, that which it purports or is represented to possess.",501(c); 801(a)(3) Adulteration
480,STAINSTEEL,"The article appears to be a device whose quality falls below that which it purports or is represented to possess, in that instrument is represented as stainless steel but does not meet requirements for such steel for surgical instruments.",501(c); 801(a)(3) Adulteration
481,LBL STEEL,"The labeling for this article appears to be false or misleading: labeling suggests it is composed of stainless steel, but it doesn't meet standard requirements for the appropriate type of stainless steel.",502(a); 801(a)(3); Misbranding
482,NUTRIT LBL,The article is subject to refusal of admission pursuant to Section 801(a)(3) in that it appears to be misbranded in that the label or labeling fails to bear the required nutrition information.,403(q); 801(a)(3); Misbranding
483,DRUG NAME,The article appears to be a drug and fails to bear the proprietary or established name and/or name and quantity of each active ingredient.,502(e)(1); 801(a)(3); Misbranding
484,DV NAME,The article appears to be a device and its labeling fails to bear the proprietary or established name.,502(e)(2); 801(a)(3); Misbranding
488,HEALTH C,The article is subject to refusal of admission pursuant to Section 801(a)(3) in that it appears to be misbranded in that the label or labeling bears an unauthorized nutrient content/health claim.,801(a)(3); 403(r)(1)(A)/(B) misbranding
508,NO 510(K),The article is subject to refusal of admission pursuant to Section 801(a)(3) in that it is a post 1976 device for which a Section 510(k)application does not appear to have been determined substantially equivalent or otherwise filed.,801(a)(3); 502(o) Misbranding
509,NONSTEEL,"Labeling appears false or misleading or fails to bear adequate directions for use,because the article appears to be misrepresented as a disposable single use instrument when it is intended for use as a stainless steel multi-use instrument.",502(a) and/or 502(f)(1); Misbranding
2000,IMPTRHACCP,"The food appears to have been prepared, packed or held under insanitary conditions, or may have become injurious to health, due to the failure of the importer to provide verification of compliance pursuant to 21 CFR 123.12(d).","801(a)(3) , 402(a)(4)  Adulteration"
2060,AGRINSULIN,The article appears to be composed wholly or partly of insulin manufactured in the US and offered for import by other than the manufacturer and reimportation does not appear to have been authorized by the Secretary for a medical emergency,"801(d)(1),(2);IMPORTATION RESTRICTED"
2080,COUMARIN,"The article appears to bear or contain Coumarin, a poisonous or deleterious substance, which may render it injurious to health.","402(a)(1), 801(a)(3), Adulteration"
2120,UNSFDIETSP,The article appears to be a dietary supplement or ingredient for which there is inadequate information to provide reasonable assurance that such ingredient does not present a significant or unreasonable risk of illness or injury.,"402(f)(1)(B), 801(a)(3)  Adulteration"
2200,DIET INGRE,The article is subject to refusal of admission pursuant to Section 801(a)(3) in that it appears to be for use as an ingredient in a dietary supplement and appears to be or may be otherwise unfit for food.,"402(a)(3), 801(a)(3); Adulteration"
2201,BSE FILTH,The article is subject to refusal of admission pursuant to Section 801(a)(3) in that it appears to be unfit for food.,"402(a)(3), 801(a)(3); Adulteration"
2202,INSAN BSE,"The article is subject to refusal of admission pursuant to Section 801(a)(3) in that it appears to have been prepared, packed or held under insanitary conditions whereby it may have been rendered injurious to health.","402(a)(4), 801(a)(3); Adulteration"
2220,INGRED FIL,The article appears to be an ingredient in a dietary supplement and may have been prepared packed or held under insanitary conditions whereby it may have become contaminated with filth or rendered injurious to health.,"402(a)(4), 801(a)(3); Adulteration"
2880,RXCOMPOUND,"the labeling fails to bear, at a minimum, the symbol ""Rx only.""","503(b)(4)(A) & 502(c), 801(a)(3); MISBRANDING"
2920,PESTICIDES,"The article is subject to refusal of admission pursuant to section 801(a)(3) in that it appears to be adulterated because it contains a pesticide chemical, which is in violation of section 402(a)(2)(B). Contains:","402(a)(2)(B), 802(a)(B); ADULTERATION"
2240,COSMETIC,The article is subject to refusal of admission pursuant Section 801(a)(3) in that The article appears to be an ingredient in a cosmetic product and may have been prepared packed or held under insanitary conditions whereby it may have become contaminated with filth or rendered injurious to health.,"601(c), 801(a)(3); Adulteration"
2280,DIRSEXMPT,The article is subject to refusal of admission pursuant to Section 801(a)(3) in that it appears to be a drug within the meaning of Section 201(g) and it lacks adequate directions for use.,"502(f)(1), 801(a)(3); MISBRANDING"
2341,DIOXIN,"The article appears to bear or contain dioxins and/or PCB compounds, poisonous or deleterious substances and/or unapproved food additives which may render it injurious to health.","402(a)(1),402(a)(2)(A),402(a)(2)(C)(i),801(a)(3)-Adulterated"
2360,HISTAMINE,"The article appears to bear or contain histamine, a poisonous and deleterious substance in such quantity as ordinarily renders it injurious to health.","402(a)(1), 801(a)(3); Adulteration"
2300,DIETARYLBL,"The article is subject to refusal of admission pursuant to Section 801(a)(3) of the FD&C Act in that it is a dietary supplement that appears to be misbranded within the meaning of Section 403(s)(2)(B) of the FD&C Act in that the label or labeling fails to identify the product by using the term  ""dietary supplement"", which term  may be modified with the name of such an ingredient.","403(s)(2)(B), 801(a)(3), misbranded"
178,COL ADDED,"The article appears to bear or contain, for the purpose of coloring only, a color additive which is unsafe within the meaning of Section 721(a).","501(a)(4)(A), 801(a)(3); ADULTERATION"
2380,NO PMA/PDP,"The article appears to be a class III dev.w/o an approved applic. for premarket approval, and/or a notice of completion of product development protocol filed per section 515(b) or exempt per sect.520(g)(1).",501(f)(1)(A); 801(a)(3); ADULTERATION
2420,RADIONUC,"Article appears to contain the radionuclide, Cesium-137, a poisonous and deleterious substance which may render it injurious to health.",402(a)(1); 801(a)(3); Adulteration
3560,SUPPL GMP,"The article appears to be a dietary supplement and it has been prepared, packed, or held under conditions that do not meet current good manufacturing practice regulations.","402(g)(1),  Adulteration, 801(a)(3), Adulteration"
2460,UNSFDIETLB,"The article appears to be a dietary supplement or contain a dietary ingredient that presents a significant or unreasonable risk of illness or injury under the conditions of use set out in the labeling or, if none are set out in the labeling, under customary conditions of use.","402(f)(1)(A), 801(a)(3) Adulteration"
2461,UNSFDIETUS,The article is subject to refusal of admission pursuant to Section 801(a)(3) in that it appears to be a dietary supplement or contain a dietary ingredient that renders it adulterated under section 402(a)(1) under the conditions of use recommended or suggested in the labeling of such dietary supplement.,"402(f)(1)(D), 801(a)(3) Adulteration"
2480,RXPERSONAL,The article appears to be a device which requires a prescription from your doctor.,"502(a), 502(f)(1), 801(a)(3), MISBRANDING"
2580,MFRHACCP,"The article is subject to refusal of admission pursuant to Section 801(a)(3) of the Act in that it appears to have been prepared, packed or held under insanitary conditions whereby it may have been rendered injurious to health in that it appears to have been processed in violation of 21 CFR 123.6(a) and 123.8(a).","402(a)(4), 801(a)(3)"
2640,CYCLAMATE,"The article appears to bear or contain cyclamate, an unsafe food additive within the meaning of Section 409",402(a)(2)(C); 801(a)(3)
315,ADDED BULK,"The article is subject to refusal of admission pursuant to Section 801(a)(3) in that the food appears to have a substance added to, mixed or packed with it so as to increase its bulk or weight, or reduce its quality or strength, or make it appear better or of greater value than it is.","402(b)(4), 801(a)(3); ADULTERATION"
2680,SACCHARLBL,"The article contains Saccharin, a non-nutritive sweetener, and its label or labeling fails to list it as an added ingredient",403(i); 803(a)(3) Misbranding
2720,DULCIN,"The article appears to bear or contain dulcin, an unsafe food additive within the meaning of Section 409",402(a)(2)(C); 801(a)(3)
2740,DR QUALITY,,501b
2780,DEVICEGMPS,"The article is subject to refusal of admission pursuant to Section 801(a)(1) in that the methods used in, or the facilities or controls used for, the manufacture, packing, storage, or installation of the device do not conform to the requirements of Section 520(f)(1) of the Federal Food, Drug, and Cosmetic Act (FD&C Act) or a condition prescribed by an order under section 520(f)(2) of the FD&C Act.
","501(h), 801(a)(1); ADULTERATION"
2800,POSS N/STR,"The article appears to consist in whole or in part of any filthy, putrid, or decomposed substance, namely, potentially infectious organisms",501(a)(1); 801(a)(3) ADULTERATION
2820,CALIBRATED,The article is subject to refusal in that it is calibrated in units not commonly used in the United States,"502(f)(1); 801(a)(3), misbranding"
2020,LBLG ADVER,"The article is subject to refusal of admission pursuant to Section 801(a)(3) in that it appears to be misbranded because its labeling is misleading in a particular, namely that it fails to reveal facts (non-sterility) that are material with respect to consequences which may result from the use of the article according to the labeling, or advertising, or under such conditions of use as are customary or usual.","502(a), 201(n) and 801(a)(3) Misbranding"
223,FALSE,The article is subject to refusal of admission pursuant to section 801(a)(3) in that it is a device whose labeling appears to be false or misleading.,"502(a), 801(a)(3); MISBRANDING"
2840,BSE DRUGS,"The article is subject to refusal of admission pursuant to Section 801(a)(1) in that it appears to have been prepared, packed or held under insanitary conditions whereby it may have been rendered injurious to health.","501(a)(2)(A), 801(a)(1); Adulteration"
9,SALMONELLA,"The article is subject to refusal of admission pursuant to Section 801(a)(3) in that it appears to contain Salmonella, a poisonous and deleterious substance which may render it injurious to health.","402(a)(1), 801(a)(3); ADULTERATION"
11,UNSAFE COL,"The article appears to be, or to bear or contain a color additive which is unsafe within the meaning of Section 721(a).","402(c), 801(a)(3); ADULTERATION"
16,DIRECTIONS,The article is subject to refusal of admission pursuant to section 801(a)(3) in that it is a device whose label appears to not bear adequate directions for use.,"502(f)(1), 801(a)(3); MISBRANDING"
27,DRUG GMPS,"The article is subject to refusal of admission pursuant to Section 801(a)(3) in that the methods used in and controls used for the manufacture, processing, packing, or holding of drugs and other products do not appear to conform to current good manufacturing practices within the meaning of Section 501(a)(2)(B).","501(a)(2)(B), 801(a)(3); ADULTERATION"
197,COSM COLOR,The article is subject to refusal of admission pursuant to Section 801(a)(3) in that it appears to contain a color additive which is unsafe within the meaning of Section 721(a) which renders it adulterated under Section 601(e).,"601(e), 801(a)(3); ADULTERATION"
198,COLOR LBLG,The color additive appears to not have its packaging and labeling in conformity with such requirements as issued under section 721.,"602(e), 801(a)(3); MISBRANDING"
199,FEED & NAD,"The article appears to be an animal feed bearing or containing a new animal drug, and such animal feed is unsafe within the meaning of section 512.","501(a)(6), 801(a)(3); ADULTERATION"
47,NON STD,"The article is subject to refusal of admission pursuant to section 536(a) of the Federal Food, Drug, and Cosmetic Act (FFDCA) in that it appears to be an electronic product offered for importation into the United States which fails to comply with an applicable standard prescribed pursuant to section 534 of the FFDCA.","536(a),(b); NON STANDARD"
55,OMITTED,The article is subject to refusal of admission pursuant Section 801(a)(3) of the FD&C Act in that it appears that a valuable constituent of the article has been in whole or in part omitted or abstracted from the article.,"402(b)(1), 801(a)(3); ADULTERATION"
62,NEEDS FCE,It appears the manufacturer is not registered as a low acid canned food or acidified food manufacturer pursuant to 21 CFR 108.25(c)(1) or 108.35(c)(1).,"402(a)(4), 801(a)(3); ADULTERATION"
64,YELLOW #5,"The food appears to bear or contain the color additive FD & C Yellow No. 5, which is not declared on the label per 21 CFR 74.705(a)(c) under section 721.","402(c), 403(m), 801(a)(3); ADULTERATION, MISBRANDING"
71,NO LICENSE,"The article is subject to refusal of admission under section 801(a)(3) of the Federal Food, Drug, and Cosmetic Act (FD&C Act) because it appears to be a biological product for which a biologics license is not in effect under the Public Health Service Act, Part F, Subpart 1-Biological Products, Section 351(a), and it is not the subject of an Investigational New Drug application that is in effect.  Therefore, it appears to be a new drug under 201(p) of the FD&C Act that it is in violation of section 505(a) of the FD&C Act because it lacks a new drug approval and because it is misbranded under section 502(f)(1)of the FD&C Act because it fails to bear adequate directions for use","801(a)(3), 505, 502(f)(1); UNAPPROVED, MISBRANDED & PHS ACT"
72,NEW VET DR,"The article is subject to refusal of admission pursuant to Section 801(a)(3) of the Federal Food, Drug, and Cosmetic Act in that it appears to be a new animal drug that is unsafe within the meaning of Section 512(a) of the Federal Food, Drug, and Cosmetic Act as it is not the subject of an approved new animal drug application, conditionally approved new animal drug application, or index listing, and no investigational new animal drug exemption applies.","501(a)(5), 801(a)(3); ADULTERATION"
73,DRUG COLOR,"The article appears to be a color additive the intended use of which is for the purpose of coloring only, and its packaging and labeling do not conform to regulations issued under section 721.","502(m), 801(a)(3); MISBRANDING"
74,GINSENG,"The article appears to bear or contain ""Ginseng"", a food additive which is unsafe within the meaning of Section 409.","402(a)(2)(C), 801(a)(3); ADULTERATION"
3420,MELAMINE,"The article appears to bear or contain a food additive, namely melamine and/or a melamine analog, that is unsafe within the meaning of Section 409.","402(a)(1), 801(a)(3), Adulteration"
3421,MELAMINE,"The article is subject to refusal of admission pursuant to section 801(a)(3) in that it appears to bear or contain a food additive, namely melamine and/or a melamine analog, that is unsafe within the meaning of section 409.","402(a)(2)(C)(i), 801(a)(3); ADULTERATION"
3422,UNFIT4FOOD,The article is subject to refusal of admission pursuant to section 801(a)(3) in that it appears to be unfit for food.,"402(a)(3), 801(a)(3); ADULTERATION"
3500,RXLABEL,"The labeling fails to bear, at a minimum, the symbol ""RX Only"".","503(b)(4)(A), 801(a)(3); MISBRANDING"
3362,NUTR UNIT, The article is subject to refusal of admission pursuant to Section 801(a)(3) in that the infant formula appears to be misbranded within the meaning of Section 403 in that the labeling fails to use the proper units to declare the nutrients as specified in 21 CFR 107.10.,"403(f), 801(a)(3); MISBRANDED"
3400,PB-FOOD,"The article is subject to refusal of admission pursuant to Section 801(a)(3) in that it appears to contain a poisonous or deleterious substance, lead,  which may render it injurious to health.",402(a)(1); 801(a)(3); Adulteration
3480,E COLI 157,"The article appears to contain E. coli O157:H7 (EHEC), a poisonous and deleterious substance which may render it injurious to health.","402(a)(1), 801(a)(3); ADULTERATION"
3460,VIBRIO,"The article is subject to refusal of admission pursuant to Section 801(a)(3) in that it appears to contain Vibrio cholerae, a poisonous and deleterious substance which may render it injurious to health.","402(a)(1), 801(a)(3); ADULTERATION"
3520,TP FLAVOR,"This article is subject to refusal of admission pursuant to section 801(a)(3) of the FD&C Act in that it is, or purports to be or is represented as, a tobacco product that is subject to a tobacco product standard established under section 907, and violates 907 (a) (1) (A) in that the article appears to contain, as a constituent or additive, an artificial or natural flavor (other than tobacco or menthol) or an herb or spice, that is a characterizing flavor of the tobacco product or tobacco smoke.","902(a)(5), 927(a)(1)(A), 801(a)(3); ADULTERATION"
3540,NO EXP DAT,"The article appears to be a dietary supplement and lacks an expiration date and it has been prepared, packed, or held under conditions that do not meet current good manufacturing practices. regulations, including regulations requiring, when necessary, expiration date labeling.","402(g), 801(a)(3); ADULTERATION"
3440,MELAMINE,"The article is subject to refusal of admission in that it appears to bear or contain a food additive, namely melamine and/or a melamine analog, that is unsafe within the meaning of section 409.","402(a)(2)(C)(i), 801(a)(3); ADULTERATION"
3601,IMITN DR,"The article is subject to refusal of admission pursuant to Section 801(a)(3) in that it appears to be an imitation of another drug.  The artice resembles:

 

","502(i) (2), 801(a)(3); MISBRANDING"
3602,DR PACKGNG,"The article is subject to refusal of admission pursuant to Section 801(a)(3) in that the article appears to be a drug and its container is so made, formed, or filled as to be misleading","502(i) (1), 801(a)(3); MISBRANDING"
75,UNAPPROVED,The article is subject to refusal of admission pursuant to Section 801(a)(3) in that it appears to be a new drug within the meaning of Section 201(p) without an approved New Drug Application (NDA).,"505(a), 801(a)(3); UNAPPROVED NEW DRUG"
78,STERILITY,"The article is subject to refusal of admission pursuant to Section 801(a)(3) in that it appears to have been prepared, packed or held under insanitary conditions whereby it may have been contaminated with filth, or whereby it may have been rendered injurious to health.","501(a)(2)(A), 801(a)(3); ADULTERATION"
82,RX LEGEND,The article appears to be a prescription drug without a prescription drug legend as required by Section 503(b)(4).,"502(a) & (f)(1), 801(a)(3); MISBRANDING"
83,NO PROCESS,"The article is subject to refusal of admission pursuant to Section 801(a)(3) in that the manufacturer's failure 
to file a scheduled process demonstrates that the product is not being manufactured under the mandatory 
provisions of 21 CFR Part 108 and therefore appears to have been manufactured, processed, or packed, under 
insanitary conditions whereby it may have been rendered injurious to health.","402(a)(4), 801(a)(3); ADULTERATION"
84,RX DEVICE,The article is subject to refusal of admission pursuant to Section 801(a)(3) in that it is a prescription device that appears to not feature a prescription device legend as required by 21 CFR 801.109.,"502(a),(f)(1), 801(a)(3); MISBRANDING"
186,INSANITARY,"The article is subject to refusal of admission pursuant to section 801(a)(3) in that the article appears to have been prepared, packed, or held under insanitary conditions whereby it may have been contaminated with filth, or whereby it may have been rendered injurious to health.","501(a)(2)(A), 801(a)(3); ADULTERATION"
152,SOAKED/WET,"The article appears to have been prepared, packed, or held under insanitary conditions whereby it may have become contaminated with filth, or whereby it may have been rendered injurious to health in that it appears to been held in water.","402(a)(4), 801(a)(3); ADULTERATION"
157,FOREIGN OB,"The article appears to consist in whole or in part of a filthy, putrid, or decomposed substance, or is otherwise unfit for food in that it appears to contain foreign objects.","402(a)(3), 801(a)(3); ADULTERATION"
115,DR QUALITY,The article is subject to refusal of admission pursuant to Section 801(a)(3) in that the article appears to be represented as a drug the name of which is recognized in an official compendium and its strength appears to differ from or its quality or purity appear to fall below the standards set forth in such compendium.,"501(b), 801(a)(3); ADULTERATION"
117,DANGEROUS,"The article appears to be dangerous to health when used in the dosage or manner, or with the frequency or duration, prescribed, recommended, or suggested in the labeling thereof.","502(j), 801(a)(3); MISBRANDING"
123,BANNED,The article appears to be a banned device.,"501(g), 801(a)(3); ADULTERATION"
154,FLUOROCARB,The article appears to contain chloroflurocarbons in violation of 21 CFR 2.125.,"402(a)(2)(A), 801(a)(3); ADULTERATION"
156,NO PERMIT,"The article of milk or cream is not accompanied by a valid import milk permit, as required by the Federal Import Milk Act (21 U.S.C. 141-149).","1, 2; PROHIBITION WITHOUT PERMIT"
160,LEAK/SWELL,The article appears to be held in swollen containers or contains micro leaks.,"402(a)(3), 801(a)(3); ADULTERATION"
122,ANTIBIOTIC,"The drug appears to purport, or represented as, being composed wholly or partly of an antibiotic and it does not appear to be from a batch with respect to which a certificate or release has been issued pursuant to section 507. REPEALED11/97","502(l), 801(a)(3); MISBRANDING"
126,FAILS STD,The article appears to be a device which is subject to a performance standard established under Section 514 and does not appear to be in all respects in conformity with such standard.,"501(e), 801(a)(3); ADULTERATION"
170,CONTAM CAN,The article appears to be held in a container containing a poisonous or deleterious substance which may render it injurious to health.,"402(a)(1), 801(a)(3); ADULTERATION"
171,CONTAINER,"The container appears to be composed, in whole or in part, of a poisonous or deleterious substance which  may render the contents injurious to health.","402(a)(6), 801(a)(3); ADULTERATION"
175,ALCOHOL,The article appears to be a confectionary that bears or contains alcohol in excess of 1/2 of 1% by volume derived solely from the use of flavoring extracts.,"402(d)(2), 801(a)(3); ADULTERATION"
179,AGR RX,The article appears to be a prescription drug manufactured in the U.S. and offered for import by other than the manufacturer and reimportation does not appear to have been authorized by the Secretary for use in a medical emergency.,"801(d)(1),(2); IMPORTATION RESTRICTED"
181,UNDER PRC,"The article appears to have inadequate processing in having been prepared, packed, or held under insanitary conditions whereby it may have been rendered injurious to health.","402(a)(4), 801(a)(3); ADULTERATION"
185,REDUCED,The article is subject to refusal of admission pursuant to Section 801(a)(3) in that it appears to be a drug that a substance has been mixed or packed with so as to reduce its strength.,"501(d)(1), 801(a)(3); ADULTERATION"
188,FLUOROCARB,The article appears to be a new animal drug containing chloroflurocarbons in violation of 21 CFR 2.125.,"501(a)(5), 801(a)(3); ADULTERATION"
189,FLUOROCARB,The article appears to contain chloroflurocarbons in violation of 21 CFR Part 2.125.,"601(a), 801(a)(3); ADULTERATION"
118,NOT LISTED,"It appears the drug or device is not included in a list required by Section 510(j), or a notice or other information respecting it was not provided as required by section 510(j) or 510(k).","502(o), 801(a)(3); MISBRANDING"
218,LIST INGRE,"The article is subject to refusal of admission pursuant to Section 801(a)(3) of the FD&C Act in that it appears to be misbranded within the meaning of Section 403(i)(2) of the FD&C Act in that it is fabricated from two or more ingredients and the label fails to bear the common or usual name of each such ingredient and/or the article purports to be a beverage containing vegetable or fruit juice, but does not bear a statement with appropriate prominence on the information panel of the total percentage of such fruit or vegetable juice contained in the food.","403(i)(2), 801(a)(3); MISBRANDING"
226,DEVICE GMP,"The article is subject to refusal of admission pursuant to Section 801(a)(1) in that the methods used in, or the facilities or controls used for, the manufacture, packing, storage, or installation of the device do not conform to the requirements of Section 520(f)(1) of the Federal Food, Drug, and Cosmetic Act (FD&C Act) or a condition prescribed by an order under section 520(f)(2) of the FD&C Act.
","501(h), 801(a)(3); ADULTERATION"
231,LENS CERT,The lenses are declared by accompanying certificate to meet the requirements for impact-resistant lenses in 21 CFR 801.410 but does not appear to be impact-resistant.,"502(a), 801(a)(3); MISBRANDING"
235,NOT IMPACT,The article appears to not have impact-resistant lenses in accordance with 21 CFR 801.410.,"501(c), 801(a)(3); ADULTERATION"
237,NO PMA,"The article is subject to refusal of admission pursuant to Section 801(a)(3) in that the device appears to be a Class III device and does not appear to have in effect an approved application for premarket approval pursuant to Section 515 of the Act, or an exemption pursuant to Section 520(g)(1).","501(f)(1)(B), 801(a)(3); ADULTERATION"
238,UNSAFE ADD,The article is subject to refusal of admission pursuant to Section 801(a)(3) in that it appears to bear or contain an unsafe food additive within the meaning of section 409.,"402(a)(2)(C)(i), 801(a)(3); ADULTERATION"
2860,VETDRUGRES,The article is subject to refusal of admission pursuant to Section 801(a)(3) in that it appears to contain a new animal drug (or conversion product thereof) that is unsafe within the meaning of Section 512. Product contains,402(a)(2)(C)(ii); 801(a)(3); ADULTERATION
2040,SULFITELBL,"The article is subject to refusal of admission pursuant to section 801(a)(3) in that it appears to be misbranded because 1) it appears to contain sulfites but the label fails to declare the presence of sulfites, a fact material to sulfite-sensitive individuals who must avoid the ingredient due to potential health consequences from its consumption, and 2) it appears the food is fabricated from two or more ingredients and the label does not list the common or usual name of each ingredient.","403(a)(1), 801(a)(3) ;MISBRANDING"
2940,COSM MISB,The cosmetic's labeling appears to be false or misleading within the meaning of Section 201(n).,602(a) & 801(a)(3); MISBRANDING
2960,FALSECAT,The article is subject to refusal of admission pursuant to section 801(a)(3) in that it appears to be misbranded because it purports to be or is represented as catfish but is not a fish classified within the family Ictaluridae.,"403(t), 801(a)(3)"
2981,BIO TOXIN,The article is subject to refusal of admission pursuant to Section 801(a)(3) in that it appears to contain a poisonous and deleterious substance which would ordinarily render it injurious to health.  Appears to contain,"402(a)(1), 801(a)(3), Adulteration"
3000,N-RX INACT,The article appears to be a nonprescription drug and fails to bear the established name of each inactive ingredient in alphabetical order on the outside container of the retail package.,502(e)(1); 801(a)(3); Misbranding
3040,HEPATITISA,"The article is subject to refusal of admission to pursuant Section 801(a)(3) in that it appears to contain Hepatitis A Virus, a poisonous or deleterious substance which may render it injurious to health.","Section 801(a)(3), 402(a)(1); ADULTERATION"
3060,POIS CHLOR,"The article appears to contain a poisonous or deleterious substance, namely chloramphenicol, which may render it injurious to health.","402(a)(1), 801(a)(3); ADULTERATION"
3081,INVDEVICE,The article is subject to refusal of admission pursuant to Section 801(a)(3) in that it appears to be a device for investigational use for which no exemption has been granted as prescribed by Section 520(g),"501(i), 801(a)(3); ADULTERATION"
3100,ANDRO,"The article is subject to refusal of admission pursuant to section 801(a)(3) in that it appears to declare and/or contain androstenedione, a new dietary ingredient for which there is inadequate information to provide reasonable assurance that such ingredient does not present a significant or unreasonable risk of illness or injury.","402(f)(1)(B),801(a)(3);ADULTERATION"
3120,EPHEDALK,"The product is subject to refusal of admission pursuant to Section 801(a)(3) in that it is a dietary supplement or a dietary ingredient that appears to contain ephedrine alkaloids, which presents an unreasonable risk of illness or injury under the conditions of use recommended or suggested in the labeling, or if no conditions of use are suggested in the labeling, under ordinary conditions of use.","801(a)(3), 402(f)(1)(A); ADULTERATION"
3140,SBGINSENG,"The article is subject to refusal of admission in that it appears to be Misbranded because it or its ingredients purport to be or are represented as Ginseng, but are not an herb or herbal ingredient derived from a plant classified within the genus Panax.",801(a)(3); 403(u)  Misbranding
3160,NONRSP-VER,The article is subject to refusal of admission pursuant to Section 801(a)(3) in that the product appears to have been prepared or packed under insanitary conditions whereby it may have been rendered injurious to health due to inadequate processing in that the scheduled process filed by the manufacturer for this thermally processed low acid food packaged in a hermetically sealed container pursuant to 21 CFR 108.35 (c)(2) appears to be inadequate to protect the public health.,"402(a)(4), 801(a)(3); ADULTERATION"
3161,NONRSP-PRC,The article appears to have been prepared or packed under insanitary conditions whereby it may have been rendered injurious to health due to inadequate processing in that the scheduled process filed by the manufacturer pursuant to 21 CFR 108.35(c)(2) appears to be inadequate to protect the public health.,"402(a)(4), 801(a)(3); ADULTERATION"
3180,PATULIN,"The article is subject to refusal of admission pursuant to Section 801(a) (3) of the Act, in that it appears to contain Patulin, a poisonous and deleterious substance which may render it injurious to health.","402(a)(1), 801(a)(3); ADULTERATION"
3200,COSM MISB2,The article is subject to refusal of admission pursuant to Section 801(a)(3) in that it appears that its labeling is false or misleading in any particular.,602(a) & 801(a)(3); MISBRANDING
3220,NITROFURAN,"The article is subject to refusal of admission in that it appears to bear or contain a food additive, namely nitrofurans, that is unsafe.","402(a)(2)(C)(i), 801(a)(3); Adulteration"
3240,NOCONTCODE,"The low acid or acidified food appears to have been prepared, packed, or held under insanitary conditions, or it may be injurious to health, due to failure to mark with a permanent container code pursuant to 21 CFR 113.60(c) or 114.80(b).","402(a)(4), 801(a)(3); ADULTERATION"
3260,NO ENGLISH,Required label or labeling appears to not be in English in violation of 21 C.F.R. 801.15(c)(1),502(c); 801(a)(3);Misbranding
3280,FRNMFGREG,"The article is subject to refusal of admission pursuant to section 801(a)(3) in that it appears to be misbranded as defined in section 502(o) of the FD&C Act. It appears that it was manufactured, prepared, propagated, compounded, or processed in an establishment not duly registered under section 510 of the Act.","502(o), 801(a)(3); MISBRANDING"
3300,ALLERGEN,"the label fails to declare all major food allergens present in the product, as required by section 403(w)(1).",403(w) 801(a)(3); Misbranding
3320,TRANSFAT,"The product is misbranded under Section 403(q) because the nutrition label does not provide all of the information required by 21 CFR 101.9(c); specifically, the label does not bear the amount of trans fat [21 CFR 101.9(c)(2)(ii)].","403(q), 801(a)(3) ;MISBRANDING"
3340,DE/RX KIT,"The article appears to be a combination medical device/prescription drug kit for which the prescription drug component was manufactured in the U.S., is offered for import by other than the manufacturer, and reimportation does not appear to have been authorized by the Secretary for use in a medical emergency.","801(d)(1),(2); IMPORTATION RESTRICTED"
3380,EXPIRED,"the product strength differs from, or its purity or quality falls below, that which it purports or is represented to possess in that it is past its labeled expiration date.",501(c); 801(a)(3) Adulteration
3361,NUTR DEF,The article is subject to refusal of admission pursuant to Section 801(a)(3) in that the infant formula appears to adulterated in that it does not provide the nutrients required by 21 CFR 107.100,"412(a)(1), 801(a)(3); Adulterated"
241,PESTICIDE,"The article is subject to refusal of admission pursuant to Section 801(a)(3) in that it appears to bear or contain a pesticide chemical residue, which causes the article to be adulterated within the meaning of section 402(a)(2)(B) of the FD&C Act. Bears or contains:","402(a)(2)(B), 801(a)(3); ADULTERATION"
2160,LACK NOTIF,"Adulterated, 801(a)(3), lack of documentation establishing that the infant formula meets all notification conditions required by 412(c) or 412(d), Prohibited Act, Section 301(s).",301(s)
245,EXCESS SUL,"The article appears to contain excessive sulfites, a poisonous and deleterious substance which may render it injurious to health.","402(a)(1), 801(a)(3); ADULTERATION"
249,FILTHY,"The article is subject to refusal of admission pursuant to Section 801(a)(3) in that the article appears to consist in whole or in part of a filthy, putrid, or decomposed substance or be otherwise unfit for food.","402(a)(3), 801(a)(3); ADULTERATION"
251,POISONOUS,The article is subject to refusal of admission pursuant to Section 801(a)(3) in that it appears to bear or contain a poisonous or deleterious substance which may render the article injurious to health. Contains:,"402(a)(1), 801(a)(3); ADULTERATION"
253,STD IDENT,"The article is subject to refusal of admission pursuant to Section 801(a)(3) of the FD&C Act in that it appears to be misbranded within the meaning of Section 403(g)(1) of the FD&C Act in that the article purports to be or is represented as a food for which a definition and standard of identity have been prescribed by regulations as provided by section 401 of the FD&C Act and the article does not conform to such definition and standard.
","403(g)(1), 801(a)(3); MISBRANDING"
256,INCONSPICU,"The article is subject to refusal of admission pursuant to Section 801(a)(3) of the FD&C Act in that it appears to be misbranded within the meaning of Section 403(f) of the FD&C Act in that any word, statement, or other information required by or under the authority of the FD&C Act to appear on the label or labeling is not prominently placed thereon with such conspicuousness (as compared with other words, statements, designs, or devices, in the labeling) and in such terms as to render it likely to be read and understood by the ordinary individual under customary terms of purchase and use (for example, label contains information in two or more   languages but fails to repeat all required information in both languages in accordance with 21 CFR 101.15(c)(2), or label fails  to include all required information in English in accordance with 21 CFR 101.15(c)(1), except in the case of articles distributed solely in the Commonwealth of Puerto Rico or in a  Territory where the predominant language is one other than English)).","403(f), 801(a)(3); MISBRANDING"
258,FLAVR LBLG,The article is subject to refusal of admission pursuant to Section 801(a)(3) in that it appears to contain an artificial flavoring and it fails to bear labeling stating that fact.,"403(k), 801(a)(3); MISBRANDING"
260,FALSE,The article is subject to refusal of admission pursuant to Section 801(a)(3) of the FD&C Act in that it appears to be misbranded within the meaning of Section 403(a)(1 ) of the FD&C Act in that the labeling is false or misleading in any particular.,"403(a)(1), 801(a)(3); MISBRANDING"
262,DIETARY,The article purports to be or is represented for special dietary uses and its label does not appear to bear the nutritional information required by regulation.,"403(j), 801(a)(3); MISBRANDING"
265,SUBSTITUTE,The article is subject to refusal of admission pursuant to Section 801(a)(3) in that it appears that a substance has been substituted wholly or in part for one or more of the article's ingredients.,"402(b)(2), 801(a)(3); ADULTERATION"
268,CONCEALED,The article is subject to refusal of admission pursuant to Section 801(a)(3) in that it appears to be food which has damage or inferiority concealed in any manner.,"402(b)(3), 801(a)(3); ADULTERATION"
274,COLOR LBLG,The article appears to contain an artificial coloring and it fails to bear labeling stating that fact.,"403(k), 801(a)(3); MISBRANDING"
276,PRESRV LBL,The article is subject to refusal of admission pursuant to Section 801(a)(3) in that it appears to contain a chemical preservative and it fails to bear labeling stating that fact including its function.,"403(k), 801(a)(3); MISBRANDING"
278,NO TAG,"The article is subject to refusal of admission pursuant to section 536(a) of the Federal Food, Drug, and Cosmetic Act (FFDCA) in that it appears to be an electronic product to which is not affixed a certification in the form of a label or tag in conformity with section 534(h).","536(a),(b); NOT CERTIFIED"
3020,STARANISE,"The article appears to bear or contain a food additive, Japanese star anise, that is unsafe within the meaning of section 409.","402(a)(2)(C)(i), 801(a)(3), Adulteration"
280,UNSAFE SUB,The article appears to bear or contain a substance which is unsafe within the meaning of Section 406.,"402(a)(2)(A), 801(a)(3); ADULTERATION"
281,BACTERIA,The article appears to contain a poisonous and deleterious substance which may render it injurious to health.  Contains,"402(a)(1), 801(a)(3); ADULTERATION"
2400,COLOR,,601%
283,INSULIN,"The drug appears to purport, or represented as, being composed wholly or partly of insulin and it does not appear to be from a batch with respect to which a certificate or release has been issued pursuant to section 506.REPEALED 11/97","502(k), 801(a)(3); MISBRANDING"
487,SACCHARIN,"The article contains Saccharin, a non-nutritive sweetner, and its label or labeling fails to bear the required warning statement.",403(o); 801(a)(3) Misbranded
286,POISON PKG,The article appears to be a drug and its packaging and labeling  is in violation of an applicable regulation issued pursuant to section 3 or 4 of the Poison Prevention Packaging Act of 1970.,"502(p), 801(a)(3); MISBRANDING"
288,STD LABEL,The article appears to not bear labeling prescribed by the performance standard established under section 514.,"502(s), 801(a)(3); MISBRANDING"
289,RECORDS,The article appears to be a device and the requirements under 518 or to furnish any material or information required by or under section 519 respecting a device were not met.,"502(t), 801(a)(3); MISBRANDING"
290,DE IMP GMP,"The article is subject to refusal of admission pursuant to section 801(a)(1) in that it appears that the methods used in, or the facilities or controls used for, the manufacture of the device do not conform to the applicable requirements of section 520(f).",801(a)(1); NON CONFORMING MANUFACTURING PRACTICES
292,SUBSTITUTE,It appears to be a drug that a substance has been substituted wholly or in part.,"501(d)(2), 801(a)(3); ADULTERATION"
293,SHIGELLA,"The article appears to contain Shigella, a poisonous and deleterious substance which may render it injurious to health.","402(a)(1), 801(a)(3); ADULTERATION"
295,LISTERIA,"The article is subject to refusal of admission pursuant to Section 801(a)(3), in that the article appears to contain Listeria monocytogenes, a poisonous and deleterious substance, which may render it injurious to health.","402(a)(1), 801(a)(3); ADULTERATION"
297,AFLATOXIN,"The article appears to contain a mycotoxin, a poisonous and deleterious substance which may render it injurious to health.","402(a)(1), 801(a)(3); ADULTERATION"
299,IMBED OBJT,The article is subject to refusal of admission pursuant to Section 801(a)(3) in that it appears to be a confectionary that has partially or completely imbedded therein any nonnutritive object.,"402(d)(1), 801(a)(3); ADULTERATION"
300,NONNUT SUB,The article appears to be confectionery and it bears or contains a nonnutritive substance.,"402(d)(3), 801(a)(3); ADULTERATION"
302,BUTTER,"The article appears to be oleo/margarine or butter with raw materials consisting in whole or in part of a filthy, putrid, or decomposed substance or the article is otherwise be unfit for food.","402(e), 801(a)(3); ADULTERATION"
304,STERILITY,"The article appears to consist in whole or in part of any filthy, putrid, or decomposed substance.","501(a)(1), 801(a)(3); ADULTERATION"
306,INSANITARY,"The article is subject to refusal of admission pursuant to Section 801(a)(3) in that it appears to have been prepared, packed, or held under insanitary conditions whereby it may have become contaminated with filth, or whereby it may have been rendered injurious to health.","402(a)(4), 801(a)(3); ADULTERATION"
308,MFR INSAN,"The article is subject to refusal of admission pursuant to section 801(a)(1) in that the article appears to have been manufactured, processed, or packed under insanitary conditions.","801(a)(1); INSANITARY MANUFACTURING, PROCESSING OR PACKING"
309,FORBIDDEN,The article is subject to refusal of admission pursuant to Section 801(a)(2) in that it appears to be forbidden or restricted in sale in the country in which it was produced or from which it was exported.,801(a)(2); FORBIDDEN OR RESTRICTED IN SALE
2100,POISONOUS,listeria (test^ ddd,402(A)(3)
310,POISONOUS,"The article is subject to refusal of admission pursuant Section 801(a)(3) in that The cosmetic appears to bear or contain a poisonous or deleterious substance which may render it injurious to users under the conditions prescribed in the labeling thereof, or, under such conditions of use as are customary or usual. 
","601(a), 801(a)(3); ADULTERATION"
312,FILTH,"The cosmetic appears to consist in whole or in part of any filthy, putrid, or decomposed substance.","601(b), 801(a)(3); ADULTERATION"
313,HELD INSAN,"The cosmetic appears to have been prepared, packed, or held under insanitary conditions whereby it may have become contaminated with filth, or whereby it may have been rendered injurious to health.","601(c), 801(a)(3); ADULTERATION"
314,CONTAINER,"The container appears to be composed, in whole or in part, of a poisonous or deleterious substance which may render the contents injurious to health.","601(d), 801(a)(3); ADULTERATION"
316,***,"The food appears to be, in whole or in part, the product of a diseased animal or of an animal which has died otherwise than be slaughter.","402(a)(5), 801(a)(3); ADULTERATION"
318,VITAMN LBL,The food appears to be subject to section 411 and its advertising is false or misleading in a material respect or its labeling is in violation of section 411(b)(2).,"403(a)(2), 801(a)(3); MISBRANDING"
319,WRONG IDEN,The article is subject to refusal of admission pursuant to Section 801(a)(3) of the FD&C Act in that it appears to be misbranded as defined in section 403(b) of the FD&C Act.  The article appears to be offered for sale under the name of another food.,"403(b), 801(a)(3); MISBRANDING"
173,IMITATION,"The article appears to be an imitation of another food, and the label does not bear in type of uniform size and prominence, the word ""imitation"" and immediately thereafter, the name of the food imitated.","403(c), 801(a)(3); MISBRANDING"
320,LACKS FIRM,"The article is subject to refusal of admission pursuant to Section 801(a)(3) of the FD&C Act in that it appears to be misbranded within the meaning of Section 403(e)(1) of the FD&C Act in that the food is in package form and the label fails to bear the name and place of business of the manufacturer, packer, or distributor.
","403(e)(1), 801(a)(3); MISBRANDING"
3879,708UDECAPI,The article has been determined to contain an API that is undeclared on the label or accompanying labeling.,"502(a), 801(a)(3); MISBRANDING"
3883,708NODFL,"The article lacks an OTC ""Drug Facts"" label as required by 21 CFR 201.66.","502(c), 801(a)(3); MISBRANDING"
3884,ADDDRUGBIO,"The article is subject to refusal of admission pursuant to Section 801(a)(3) in that it appears to be a food to which has been added either a drug approved under section 505, a biological product licensed under section 351 of the Public Health Service Act, or a drug or a biological product for which substantial clinical investigations have been instituted and for which the existence of such investigations has been made public; and it appears that none of the exceptions listed in 301(ll)(1)-(4) applies.",801(a)(3);301(ll); PROHIBITED ACT
3885,POIS CHLOR,"The article appears to contain a poisonous or deleterious substance, namely chloramphenicol, which may render it injurious to health.","402(a)(1), 801(a)(3); ADULTERATION"
3886,FSVP VIO,"The article is subject to refusal of admission pursuant to section 801(a)(3) of the Federal Food, Drug, and Cosmetic Act (FD&C Act) in that it appears that the importer (as defined in section 805 of the FD&C Act) is in violation of section 805.","805, 801(a)(3); FOREIGN SUPPLIER VERIFICATION PROGRAM"
3894,TPNICWARN,"This article is subject to refusal of admission pursuant to section 801(a)(3) of the FD&C Act because it is a tobacco product that appears to be misbranded under section 903(a)(7)(B) in that it is sold or distributed in violation of regulations prescribed under 906(d), namely its package fails to bear the required warning statement ""WARNING: This product contains nicotine. Nicotine is an addictive chemical."" Or if applicable the required statement ""This product is made from tobacco.""",903(a)(7)(B); 801(a)(3); MISBRANDING
3895,NIOSH-EUA,"The respirator is from a lot or shipment that failed testing and, pursuant to a condition of the applicable emergency use authorization (EUA), cannot be distributed.","Section 564(e), Conditions of Emergency Use Authorization"
3896,NOCONTACT,The article is subject to refusal of admission pursuant to Section 801(a)(3) of the FD&C Act because it appears to be a nonprescription drug that is misbranded within the meaning of Section 502(x) of the FD&C Act in that the product label fails to bear a domestic address or phone number through which the responsible person may receive a report of a serious adverse event with such drug.,"502(x),801(a)(3); MISBRANDING"
3897,MYCOTOXIN,"The article is subject to refusal of admission pursuant to Section 801(a)(3) in that it appears to bear or contain a poisonous and deleterious substance, namely a mycotoxin (aflatoxin, deoxynivalenol, fumonisin, or ochratoxin A), which may render it injurious to health.  Bears or contains:","402(a)(1), 801(a)(3); ADULTERATION"
3898,INADPRCCTL,"The article is subject to refusal of admission pursuant to Section 801(a)(3) in that it appears to have been prepared, packed, or held under insanitary conditions whereby it may have become contaminated with filth, or whereby it may have been rendered injurious to health due to inadequate process controls.","402(a)(4), 801(a)(3); ADULTERATION"
48,NEEDS ACID,"The article is subject to refusal of admission pursuant to Section 801(a)(3) in that it appears to have been prepared, packed, or held under insanitary conditions whereby it may have become contaminated with filth, or whereby it may have been rendered injurious to health due to inadequate acidification.","402(a)(4), 801(a)(3); ADULTERATION"
3899,NONRX505G,"The article is subject to refusal of admission pursuant to section 801(a)(3) of the FD&C Act because it appears to be misbranded within the meaning of section 502(ee) of the FD&C Act, under which a drug is deemed to be misbranded if it is a nonprescription drug that is subject to section 505G of the FD&C Act but does not comply with the requirements for marketing under said section 505G and is not the subject of an application approved under section 505 of the FD&C Act.","801(a)(3), 502(ee); MISBRANDING"
3900,NDIDIETSP,The article is subject to refusal of admission pursuant to section 801(a)(3) in that it appears to be a food that is a dietary supplement or that contains a dietary ingredient that is a new dietary ingredient for which there is inadequate information to provide reasonable assurance that such ingredient does not present a significant or unreasonable risk of illness or injury.,"402(f)(1)(B), 801(a)(3) Adulteration"
3901,VET DR LBL,The article is subject to refusal of admission pursuant to Section 801(a)(3) of the FD&C Act because it appears to be misbranded within the meaning of Section 502(w) of the FD&C Act in that it appears to be a new animal drug ?,"502(w), 801(a)(3); MISBRANDING"
3902,FALSEDRUG,The article is subject to refusal of admission pursuant to Section 801(a)(3) in that it appears to be a drug which is misbranded within the meaning of section 502(a)(1) in that its labeling is false or misleading.,"502(a)(1), 801(a)(3); MISBRANDING"
3868,708VETLGND,"The article  has been determined to be a veterinary drug without the ""Caution"" statement as required by Section 503(f)(4).","502(a) & (f)(1), 801(a)(3); MISBRANDING"
3869,708LBLFIRM,"The article  has been determined to to not bear a label containing the name and place of business of the manufacturer, packer, or distributor.","502(b)(1), 801(a)(3); MISBRANDING"
3870,708NOENGL,Required label or labeling  has been determined to not be in English in violation of 21 C.F.R. 201.15(c)(1).,502(c); 801(a)(3) ;MISBRANDING
3871,708NODIREC,The article  has been determined to lack adequate directions for use.,"502(f)(1), 801(a)(3); MISBRANDING"
3872,708LISTING,It has been determined the drug is not included in a list required by Section 510(j).,"502(o), 801(a)(3); MISBRANDING"
3873,708NOREG,"It has been determined the drug was manufactured, prepared, propagated, compounded, or processed in an establishment not duly registered under section 510 of the Act.","502(o), 801(a)(3); MISBRANDING"
3874,708NEWDRUG,The article has been determined to be a new drug without an approved new drug application.,"505(a), 801(a)(3); UNAPPROVED NEW DRUG"
3875,708REIMPRT,The article  has been determined to be a prescription drug manufactured in the U.S. and offered for import by other than the manufacturer and reimportation does not appear to have been authorized by the Secretary for use in a medical emergency.,"801(d)(1),(2); IMPORTATION RESTRICTED"
3876,GDUFA FEE,"The article is subject to refusal of admission pursuant to section 801(a)(3) in that it appears to be misbranded as defined in section 502(aa) of the Act. It appears the drug or active pharmaceutical ingredient was manufactured, prepared, propagated, compounded, or processed in a facility for which fees have not been paid as required in 21 U.S.C. Section 379j-42(a)(4), or it contains an active pharmaceutical ingredient that was manufactured, prepared, propagated, compounded, or processed in such a facility.","502(aa), 801(a)(3);MISBRANDING"
3877,GDUFA SELF,"The article is subject to refusal of admission pursuant to section 801(a)(3) in that it appears to be misbranded as defined in section 502(aa) of the Act. It appears that the drug or active pharmaceutical ingredient was manufactured, prepared, propagated, compounded, or processed in a facility for which identifying information required by 21 U.S.C. Section 379j-42(f) has not been submitted, or it contains an active pharmaceutical ingredient that was manufactured, prepared, propagated, compounded, or processed in such a facility.","502(aa),801(a)(3); MISBRANDING"
3878,POISONORD,The article is subject to refusal of admission pursuant to Section 801(a)(3) in that it appears to contain a poisonous or deleterious substance which would ordinarily render the article injurious to health. Contains:,"402(a)(1), 801(a)(3); ADULTERATION"
3880,708FALSE,The labeling for this article is determined to be false or misleading,"502(a), 801(a)(3); MISBRANDING"
3881,COSMETFPLA,The article is subject to refusal of admission pursuant to Section 801(a)(3) in that it appears to contain an undeclared color additive which renders it misbranded within the meaning of Sections 1454(c)(3)(B) and 1456 of the Fair Packaging and Labeling Act.,"1454(c)(3)(B), 1456, 801(a)(3)"
3882,708NORX,"The article has been determined to be a prescription drug but does not include the symbol ""Rx only"" on its label.","503(b)(4), 801(a)(3); MISBRANDING"
3887,ADDDRUGBIO,"The article is subject to refusal of admission pursuant to Section 801(a)(3) in that it appears to be a food to which has been added either a drug approved under section 505, a biological product licensed under section 351 of the Public Health Service Act, or a drug or a biological product for which substantial clinical investigations have been instituted and for which the existence of such investigations has been made public; and it appears that none of the exceptions listed in 301(ll)(1)-(4) applies.",801(a)(3);301(ll); PROHIBITED ACT
3888,TPLABFALSE,This article is subject to refusal of admission pursuant to section 801(a)(3) of the FD&C Act because it is a tobacco product that appears to be misbranded under section 903(a)(1) in that it appears that its labeling is false or misleading.,903(a)(1); 801(a)(3); MISBRANDING
3889,TPADFALSE,This article is subject to refusal of admission pursuant to section 801(a)(3) of the FD&C Act because it is a tobacco product that appears to be misbranded under section 903(a)(7) in that it appears that its advertising is false or misleading.,903(a)(7)(A); 801(a)(3); MISBRANDING
3890,TPPACKSIZE,This article is subject to refusal of admission pursuant to section 801(a)(3) of the FD&C Act because it is a cigarette package that contains fewer than 20 cigarettes in violation of 21 CFR 1140.16(b). [Misbranded: Section 903(a)(7)(B) of the FD&C Act],906(d); 903(a)(7)(B); 801(a)(3); MISBRANDING
3891,TPADULT1,"This article is subject to refusal of admission pursuant to section 801(a)(3) of the FD&C Act because it is a tobacco product that appears to be adulterated under section 902(1) because it consists in whole or in part of any filthy, putrid, or decomposed substance, or is otherwise contaminated by any added poisonous or added deleterious substance that may render the product injurious to health.",902(1);801(a)(3); ADULTERATION
3892,TPADULT2,"This article is subject to refusal of admission pursuant to section 801(a)(3) of the FD&C Act because it is a tobacco product that appears to be adulterated under section 902(2) because it has been prepared, packed, or held under insanitary conditions whereby it may have been contaminated with filth, or whereby it may have been rendered injurious to health.",902(2);801(a)(3); ADULTERATION
3893,TPADULT3,"This article is subject to refusal of admission pursuant to section 801(a)(3) of the FD&C Act because it is a tobacco product that appears to be adulterated under section 902(3) because its package is composed, in whole or in part, of any poisonous or deleterious substance which may render the contents injurious to health.",902(3);801(a)(3); ADULTERATION
